name,street,city,state,zip
Lone Star Parcel Co #001,4821 Main St,Houston,TX,77002
Bluebonnet Supply #002,1517 Richmond Ave,Houston,TX,77006
Gulf Coast Trading Co #003,9234 Kirby Dr,Houston,TX,77030
Caprock Logistics #004,6602 Almeda Rd,Houston,TX,77021
Pecos Freight Works #005,2718 Buffalo Speedway,Houston,TX,77098
Alamo Print Shop #006,3450 Westheimer Rd,Houston,TX,77027
Red River Hardware #007,1108 Clay St,Houston,TX,77019
Bayou City Textiles #008,4529 Montrose Blvd,Houston,TX,77006
Hill Country Ceramics #009,7815 Shepherd Dr,Houston,TX,77007
Panhandle Tool Rental #010,2120 Bissonnet St,Houston,TX,77005
Trinity Valley Paper #011,5907 Navigation Blvd,Houston,TX,77011
Sabine Machine Works #012,1349 Heights Blvd,Houston,TX,77008
Brazos Bend Grocers #013,3051 Ella Blvd,Houston,TX,77018
Llano Electric Supply #014,7219 Airline Dr,Houston,TX,77022
Guadalupe Bindery #015,4105 Crosstimbers St,Houston,TX,77026
Colorado River Optics #016,8775 Tidwell Rd,Houston,TX,77028
Nueces Bay Fabrics #017,2630 Jensen Dr,Houston,TX,77026
Big Bend Outfitters #018,9442 Market St,Houston,TX,77029
Concho Valley Foods #019,5027 Lyons Ave,Houston,TX,77020
Piney Woods Lumber #020,3811 Lockwood Dr,Houston,TX,77026
Lone Star Parcel Co #021,6124 Jensen Dr,Houston,TX,77093
Bluebonnet Supply #022,9803 Irvington Blvd,Houston,TX,77076
Gulf Coast Trading Co #023,7741 Parker Rd,Houston,TX,77016
Caprock Logistics #024,3301 Homestead Rd,Houston,TX,77028
Pecos Freight Works #025,4285 Lockwood Dr,Houston,TX,77026
Alamo Print Shop #026,8719 Scott St,Houston,TX,77051
Red River Hardware #027,5630 Cullen Blvd,Houston,TX,77021
Bayou City Textiles #028,7820 Reed Rd,Houston,TX,77087
Hill Country Ceramics #029,6205 Telephone Rd,Houston,TX,77061
Panhandle Tool Rental #030,2135 Broadway St,Houston,TX,77012
Trinity Valley Paper #031,4521 Harrisburg Blvd,Houston,TX,77011
Sabine Machine Works #032,9051 Polk St,Houston,TX,77023
Brazos Bend Grocers #033,7230 Canal St,Houston,TX,77011
Llano Electric Supply #034,1206 Avenue H,Houston,TX,77011
Guadalupe Bindery #035,2437 Wayside Dr,Houston,TX,77023
Colorado River Optics #036,3120 Lawndale St,Houston,TX,77023
Nueces Bay Fabrics #037,8019 Navigation Blvd,Houston,TX,77012
Big Bend Outfitters #038,5634 Rusk St,Houston,TX,77023
Concho Valley Foods #039,6425 Capitol St,Houston,TX,77011
Piney Woods Lumber #040,9328 Sherman St,Houston,TX,77012
Lone Star Parcel Co #041,4827 Elm St Apt 203,Dallas,TX,75201
Bluebonnet Supply #042,1934 Ross Ave Apt 12B,Dallas,TX,75202
Gulf Coast Trading Co #043,8709 Maple Ave Unit 415,Dallas,TX,75219
Caprock Logistics #044,6241 Lemmon Ave Apt 7C,Dallas,TX,75209
Pecos Freight Works #045,2140 Cedar Springs Rd Apt 301,Dallas,TX,75201
Alamo Print Shop #046,5518 Greenville Ave Apt 19A,Dallas,TX,75206
Red River Hardware #047,8320 Abrams Rd Apt 220,Dallas,TX,75243
Bayou City Textiles #048,4107 Gaston Ave Unit 14,Dallas,TX,75246
Hill Country Ceramics #049,1239 Peak St Apt 2F,Dallas,TX,75204
Panhandle Tool Rental #050,7623 Bryan St Apt 305,Dallas,TX,75214
Trinity Valley Paper #051,9154 Lovers Ln Apt 115,Dallas,TX,75225
Sabine Machine Works #052,2843 Hillcrest Ave Apt 8B,Dallas,TX,75205
Brazos Bend Grocers #053,6310 Mockingbird Ln Unit 412,Dallas,TX,75214
Llano Electric Supply #054,2087 Abrams Rd Apt 301,Dallas,TX,75214
Guadalupe Bindery #055,4539 Fitzhugh Ave Apt 6C,Dallas,TX,75204
Colorado River Optics #056,5901 Skillman St Apt 109,Dallas,TX,75231
Nueces Bay Fabrics #057,8425 Royal Ln Apt 302,Dallas,TX,75230
Big Bend Outfitters #058,6722 Forest Ln Apt 21D,Dallas,TX,75230
Concho Valley Foods #059,4409 Walnut Hill Ln Apt 507,Dallas,TX,75229
Piney Woods Lumber #060,3186 Midway Rd Unit 9A,Dallas,TX,75229
Lone Star Parcel Co #061,2294 Harry Hines Blvd Apt 315,Dallas,TX,75235
Bluebonnet Supply #062,5741 Inwood Rd Apt 104,Dallas,TX,75209
Gulf Coast Trading Co #063,9130 Northwest Hwy Apt 16B,Dallas,TX,75238
Caprock Logistics #064,6325 Plano Rd Apt 2F,Dallas,TX,75230
Pecos Freight Works #065,4206 Jupiter Rd Apt 115,Dallas,TX,75238
Alamo Print Shop #066,1904 Ferguson Rd Unit 412,Dallas,TX,75228
Red River Hardware #067,7211 Buckner Blvd Apt 11C,Dallas,TX,75227
Bayou City Textiles #068,5568 Scyene Rd Apt 10D,Dallas,TX,75227
Hill Country Ceramics #069,3102 S Haskell Ave Apt 207,Dallas,TX,75223
Panhandle Tool Rental #070,8405 Great Trinity Forest Way Apt 302,Dallas,TX,75217
Trinity Valley Paper #071,6729 Elam Rd Apt 22B,Dallas,TX,75217
Sabine Machine Works #072,4813 Lake June Rd Apt 11A,Dallas,TX,75217
Brazos Bend Grocers #073,9430 C F Hawn Fwy Apt 505,Dallas,TX,75217
Llano Electric Supply #074,7235 Military Pkwy Apt 7C,Dallas,TX,75227
Guadalupe Bindery #075,2608 Highland Rd Apt 18F,Dallas,TX,75228
Colorado River Optics #076,3932 Oates Dr Apt 302,Dallas,TX,75228
Nueces Bay Fabrics #077,7148 Garland Rd Apt 14B,Dallas,TX,75218
Big Bend Outfitters #078,4321 Abrams Rd Unit 503,Dallas,TX,75214
Concho Valley Foods #079,2301 Abrams Rd Apt 1D,Dallas,TX,75214
Piney Woods Lumber #080,1647 E Grand Ave Apt 214,Dallas,TX,75206
Lone Star Parcel Co #081,2418 Broadway St Apt 3B,San Antonio,TX,78215
Bluebonnet Supply #082,7401 San Pedro Ave Apt 102,San Antonio,TX,78216
Gulf Coast Trading Co #083,1985 Blanco Rd Unit 205,San Antonio,TX,78212
Caprock Logistics #084,5608 Fredericksburg Rd Apt 12C,San Antonio,TX,78240
Pecos Freight Works #085,3320 N St Mary’s St Apt 214,San Antonio,TX,78212
Alamo Print Shop #086,904 E Houston St Apt 7A,San Antonio,TX,78205
Red River Hardware #087,6710 N New Braunfels Ave Apt 3F,San Antonio,TX,78209
Bayou City Textiles #088,2135 Austin Hwy Apt 19D,San Antonio,TX,78218
Hill Country Ceramics #089,5829 IH 10 W Apt 6B,San Antonio,TX,78201
Panhandle Tool Rental #090,4107 McCullough Ave Apt 2E,San Antonio,TX,78212
Trinity Valley Paper #091,9421 Perrin Beitel Rd Apt 301,San Antonio,TX,78217
Sabine Machine Works #092,1734 Thousand Oaks Dr Apt 109,San Antonio,TX,78232
Brazos Bend Grocers #093,8302 Broadway St Apt 5C,San Antonio,TX,78209
Llano Electric Supply #094,1167 E Commerce St Unit 401,San Antonio,TX,78205
Guadalupe Bindery #095,2751 E Southcross Blvd Apt 202,San Antonio,TX,78223
Colorado River Optics #096,4512 S Presa St Apt 10A,San Antonio,TX,78223
Nueces Bay Fabrics #097,6328 S Flores St Apt 18B,San Antonio,TX,78221
Big Bend Outfitters #098,8817 Mission Rd Apt 15F,San Antonio,TX,78214
Concho Valley Foods #099,7530 Somerset Rd Apt 8D,San Antonio,TX,78211
Piney Woods Lumber #100,3142 S Zarzamora St Apt 412,San Antonio,TX,78225
Lone Star Parcel Co #101,4978 SW Military Dr Apt 21E,San Antonio,TX,78242
Bluebonnet Supply #102,9186 Cupples Rd Apt 503,San Antonio,TX,78226
Gulf Coast Trading Co #103,1103 W Commerce St Apt 8C,San Antonio,TX,78207
Caprock Logistics #104,2214 Guadalupe St Apt 4B,San Antonio,TX,78207
Pecos Freight Works #105,4510 W Martin St Apt 12A,San Antonio,TX,78207
Alamo Print Shop #106,8731 Culebra Rd Apt 307,San Antonio,TX,78251
Red River Hardware #107,6820 Ingram Rd Apt 3B,San Antonio,TX,78238
Bayou City Textiles #108,4401 Callaghan Rd Apt 15C,San Antonio,TX,78228
Hill Country Ceramics #109,7705 Bandera Rd Apt 301,San Antonio,TX,78238
Panhandle Tool Rental #110,2201 Vance Jackson Rd Apt 214,San Antonio,TX,78213
Trinity Valley Paper #111,3812 West Ave Apt 2D,San Antonio,TX,78213
Sabine Machine Works #112,5037 Babcock Rd Apt 8A,San Antonio,TX,78240
Brazos Bend Grocers #113,6408 Wurzbach Rd Apt 19F,San Antonio,TX,78240
Llano Electric Supply #114,2842 Medical Dr Apt 6E,San Antonio,TX,78229
Guadalupe Bindery #115,9120 Huebner Rd Apt 305,San Antonio,TX,78240
Colorado River Optics #116,1745 De Zavala Rd Apt 7C,San Antonio,TX,78249
Nueces Bay Fabrics #117,8411 I-10 Frontage Rd Apt 3A,San Antonio,TX,78230
Big Bend Outfitters #118,1225 Bitters Rd Apt 20B,San Antonio,TX,78216
Concho Valley Foods #119,4517 Blanco Rd Apt 4E,San Antonio,TX,78212
Piney Woods Lumber #120,7759 McCullough Ave Apt 201,San Antonio,TX,78216
Lone Star Parcel Co #121,2318 Guadalupe St Apt 3C,Austin,TX,78705
Bluebonnet Supply #122,7401 Burnet Rd Apt 102,Austin,TX,78757
Gulf Coast Trading Co #123,1819 S Congress Ave Unit 214,Austin,TX,78704
Caprock Logistics #124,5608 Lamar Blvd Apt 12A,Austin,TX,78751
Pecos Freight Works #125,3320 E Riverside Dr Apt 405,Austin,TX,78741
Alamo Print Shop #126,904 W 6th St Apt 7B,Austin,TX,78703
Red River Hardware #127,6710 Manor Rd Apt 2D,Austin,TX,78723
Bayou City Textiles #128,2135 Airport Blvd Apt 18F,Austin,TX,78722
Hill Country Ceramics #129,5829 S 1st St Apt 6C,Austin,TX,78745
Panhandle Tool Rental #130,4107 E Cesar Chavez St Apt 2E,Austin,TX,78702
Trinity Valley Paper #131,9421 Cameron Rd Apt 301,Austin,TX,78754
Sabine Machine Works #132,1734 Metric Blvd Apt 5D,Austin,TX,78758
Brazos Bend Grocers #133,8302 North Lamar Blvd Apt 19B,Austin,TX,78753
Llano Electric Supply #134,1167 W 38th St Unit 201,Austin,TX,78705
Guadalupe Bindery #135,2751 Montopolis Dr Apt 14A,Austin,TX,78741
Colorado River Optics #136,4512 S Pleasant Valley Rd Apt 9C,Austin,TX,78744
Nueces Bay Fabrics #137,6328 S Congress Ave Apt 4B,Austin,TX,78745
Big Bend Outfitters #138,8817 William Cannon Dr Apt 15E,Austin,TX,78748
Concho Valley Foods #139,7530 Slaughter Ln Apt 8A,Austin,TX,78749
Piney Woods Lumber #140,3142 Brodie Ln Apt 305,Austin,TX,78745
Lone Star Parcel Co #141,4978 Stassney Ln Apt 201,Austin,TX,78744
Bluebonnet Supply #142,9186 Bluff Springs Rd Apt 10C,Austin,TX,78744
Gulf Coast Trading Co #143,1103 E 7th St Apt 2A,Austin,TX,78702
Caprock Logistics #144,2214 E 12th St Apt 401,Austin,TX,78702
Pecos Freight Works #145,4510 Webberville Rd Apt 19F,Austin,TX,78721
Alamo Print Shop #146,8731 Manor Rd Apt 7D,Austin,TX,78724
Red River Hardware #147,6820 Loyola Ln Apt 18B,Austin,TX,78723
Bayou City Textiles #148,4401 Springdale Rd Apt 503,Austin,TX,78723
Hill Country Ceramics #149,7705 Ed Bluestein Blvd Apt 4C,Austin,TX,78723
Panhandle Tool Rental #150,2201 Berkman Dr Apt 305,Austin,TX,78723
Trinity Valley Paper #151,3812 Cameron Rd Apt 8D,Austin,TX,78723
Sabine Machine Works #152,5037 Rundberg Ln Apt 12A,Austin,TX,78753
Brazos Bend Grocers #153,6408 Georgian Dr Apt 19B,Austin,TX,78723
Llano Electric Supply #154,2842 North IH-35 Apt 2F,Austin,TX,78722
Guadalupe Bindery #155,9120 Braker Ln Apt 10E,Austin,TX,78758
Colorado River Optics #156,1745 Duval St Apt 21A,Austin,TX,78705
Nueces Bay Fabrics #157,8411 Shoal Creek Blvd Apt 302,Austin,TX,78757
Big Bend Outfitters #158,1225 W Anderson Ln Apt 2C,Austin,TX,78757
Concho Valley Foods #159,4517 Burnet Rd Apt 7E,Austin,TX,78756
Piney Woods Lumber #160,7759 Lamar Blvd Apt 503,Austin,TX,78752
Lone Star Parcel Co #161,2418 Main St Apt 3B,Fort Worth,TX,76102
Bluebonnet Supply #162,7401 Camp Bowie Blvd Apt 102,Fort Worth,TX,76116
Gulf Coast Trading Co #163,1985 Hemphill St Unit 205,Fort Worth,TX,76104
Caprock Logistics #164,5608 Granbury Rd Apt 12C,Fort Worth,TX,76133
Pecos Freight Works #165,3320 University Dr Apt 214,Fort Worth,TX,76109
Alamo Print Shop #166,904 Houston St Apt 7A,Fort Worth,TX,76102
Red River Hardware #167,6710 McCart Ave Apt 3F,Fort Worth,TX,76133
Bayou City Textiles #168,2135 Berry St Apt 19D,Fort Worth,TX,76110
Hill Country Ceramics #169,5829 W 7th St Apt 6B,Fort Worth,TX,76107
Panhandle Tool Rental #170,4107 Rosedale St Apt 2E,Fort Worth,TX,76105
Trinity Valley Paper #171,9421 North Beach St Apt 301,Fort Worth,TX,76137
Sabine Machine Works #172,1734 Hulen St Apt 109,Fort Worth,TX,76107
Brazos Bend Grocers #173,8302 White Settlement Rd Apt 5C,Fort Worth,TX,76108
Llano Electric Supply #174,1167 Belknap St Unit 401,Fort Worth,TX,76102
Guadalupe Bindery #175,2751 East Lancaster Ave Apt 202,Fort Worth,TX,76103
Colorado River Optics #176,4512 Miller Ave Apt 10A,Fort Worth,TX,76105
Nueces Bay Fabrics #177,6328 Wichita St Apt 18B,Fort Worth,TX,76119
Big Bend Outfitters #178,8817 Mansfield Hwy Apt 15F,Fort Worth,TX,76140
Concho Valley Foods #179,7530 Seminary Dr Apt 8D,Fort Worth,TX,76133
Piney Woods Lumber #180,3142 Evans Ave Apt 412,Fort Worth,TX,76104
Lone Star Parcel Co #181,4978 Sycamore School Rd Apt 21E,Fort Worth,TX,76123
Bluebonnet Supply #182,9186 Altamesa Blvd Apt 503,Fort Worth,TX,76123
Gulf Coast Trading Co #183,1103 Ramey Ave Apt 8C,Fort Worth,TX,76105
Caprock Logistics #184,2214 Vaughn Blvd Apt 4B,Fort Worth,TX,76105
Pecos Freight Works #185,4510 Handley Dr Apt 12A,Fort Worth,TX,76112
Alamo Print Shop #186,8731 Brentwood Stair Rd Apt 307,Fort Worth,TX,76112
Red River Hardware #187,6820 Meadowbrook Dr Apt 3B,Fort Worth,TX,76112
Bayou City Textiles #188,4401 Bridge St Apt 15C,Fort Worth,TX,76103
Hill Country Ceramics #189,7705 E Lancaster Ave Apt 301,Fort Worth,TX,76112
Panhandle Tool Rental #190,2201 Oakland Blvd Apt 214,Fort Worth,TX,76103
Trinity Valley Paper #191,3812 Riverside Dr Apt 2D,Fort Worth,TX,76119
Sabine Machine Works #192,5037 Wilbarger St Apt 8A,Fort Worth,TX,76119
Brazos Bend Grocers #193,6408 Berry St Apt 19F,Fort Worth,TX,76119
Llano Electric Supply #194,2842 Mitchell Blvd Apt 6E,Fort Worth,TX,76105
Guadalupe Bindery #195,9120 Randol Mill Rd Apt 305,Fort Worth,TX,76120
Colorado River Optics #196,1745 John T White Rd Apt 7C,Fort Worth,TX,76120
Nueces Bay Fabrics #197,8411 Brentwood Stair Rd Apt 3A,Fort Worth,TX,76112
Big Bend Outfitters #198,1225 Bridgewood Dr Apt 20B,Fort Worth,TX,76112
Concho Valley Foods #199,4517 Oakland Blvd Apt 4E,Fort Worth,TX,76103
Piney Woods Lumber #200,7759 Wichita St Apt 201,Fort Worth,TX,76119
Lone Star Parcel Co #201,2418 University Ave Apt 3B,Lubbock,TX,79401
Bluebonnet Supply #202,7401 19th St Apt 102,Lubbock,TX,79407
Gulf Coast Trading Co #203,1985 Avenue Q Unit 205,Lubbock,TX,79411
Caprock Logistics #204,5608 50th St Apt 12C,Lubbock,TX,79414
Pecos Freight Works #205,3320 Indiana Ave Apt 214,Lubbock,TX,79410
Alamo Print Shop #206,904 Broadway St Apt 7A,Lubbock,TX,79401
Red River Hardware #207,6710 34th St Apt 3F,Lubbock,TX,79407
Bayou City Textiles #208,2135 Avenue J Apt 19D,Lubbock,TX,79411
Hill Country Ceramics #209,5829 Slide Rd Apt 6B,Lubbock,TX,79414
Panhandle Tool Rental #210,4107 82nd St Apt 2E,Lubbock,TX,79424
Trinity Valley Paper #211,9421 Quaker Ave Apt 301,Lubbock,TX,79424
Sabine Machine Works #212,1734 Milwaukee Ave Apt 109,Lubbock,TX,79407
Brazos Bend Grocers #213,8302 University Ave Apt 5C,Lubbock,TX,79423
Llano Electric Supply #214,1167 Main St Unit 401,Lubbock,TX,79401
Guadalupe Bindery #215,2751 34th St Apt 202,Lubbock,TX,79410
Colorado River Optics #216,4512 Avenue U Apt 10A,Lubbock,TX,79412
Nueces Bay Fabrics #217,6328 50th St Apt 18B,Lubbock,TX,79414
Big Bend Outfitters #218,8817 Avenue P Apt 15F,Lubbock,TX,79423
Concho Valley Foods #219,7530 82nd St Apt 8D,Lubbock,TX,79424
Piney Woods Lumber #220,3142 Avenue Q Apt 412,Lubbock,TX,79411
Lone Star Parcel Co #221,4978 98th St Apt 21E,Lubbock,TX,79423
Bluebonnet Supply #222,9186 114th St Apt 503,Lubbock,TX,79424
Gulf Coast Trading Co #223,1103 4th St Apt 8C,Lubbock,TX,79401
Caprock Logistics #224,2214 Avenue H Apt 4B,Lubbock,TX,79411
Pecos Freight Works #225,4510 Parkway Dr Apt 12A,Lubbock,TX,79403
Alamo Print Shop #226,8731 Clovis Rd Apt 307,Lubbock,TX,79415
Red River Hardware #227,6820 Erskine St Apt 3B,Lubbock,TX,79416
Bayou City Textiles #228,4401 Marsha Sharp Fwy Apt 15C,Lubbock,TX,79407
Hill Country Ceramics #229,7705 19th St Apt 301,Lubbock,TX,79407
Panhandle Tool Rental #230,2201 Avenue K Apt 214,Lubbock,TX,79411
Trinity Valley Paper #231,3812 27th St Apt 2D,Lubbock,TX,79410
Sabine Machine Works #232,5037 70th St Apt 8A,Lubbock,TX,79424
Brazos Bend Grocers #233,6408 66th St Apt 19F,Lubbock,TX,79424
Llano Electric Supply #234,2842 Avenue R Apt 6E,Lubbock,TX,79411
Guadalupe Bindery #235,9120 34th St Apt 305,Lubbock,TX,79410
Colorado River Optics #236,1745 82nd St Apt 7C,Lubbock,TX,79423
Nueces Bay Fabrics #237,8411 Frankford Ave Apt 3A,Lubbock,TX,79424
Big Bend Outfitters #238,1225 Slide Rd Apt 20B,Lubbock,TX,79416
Concho Valley Foods #239,4517 Avenue Q Apt 4E,Lubbock,TX,79412
Piney Woods Lumber #240,7759 98th St Apt 201,Lubbock,TX,79424
